Gene	Temps (h)	Alginate 1	Alginate 2	Alginate 3	Alginate 4	Maltose 1	Maltose 2	Maltose 3	Maltose 4
C	C	1	1	1	1	2	2	2	2
R	R	1	2	3	4	1	2	3	4
2624	0	0,034946021262843	0,038080795068504	0,034945039236073	0,027465730681755	0,034946021262843	0,038080795068504	0,034945039236073	0,027465730681755
2624	0,5	17,457608062836	13,2382700613955	11,6692361162477	11,1995184383243	0,226842359031642	0,271000599130298	0,322990094716155	0,419409900745335
2624	1	25,1576089839192	18,0889154931972	16,841714436815	14,7350605328781	0,162361583169417	0,178238714131082	0,235604494471434	0,237508951413663
2624	3,5	16,600515439731	8,25066778475693	12,2851302454651	11,7422271037695	0,158870905883296	0,11371037727909	0,169286345018714	0,175254049126156
2624	6,5	7,55848211746697	3,96252657665962	NA	5,04350077008752	0,113098229603488	0,286341793732976	0,038582778610883	0,043131797242259
2624	9,25	2,85729192922505	1,97375438972387	2,58244204170875	2,63488524109177	0,03376150994772	0,04234504987179	0,040859695129539	0,038311414466926
2624	12,5	1,99944001557239	1,51010134129508	1,69451945144331	1,65556735174269	0,033982405169463	0,03234356967575	0,024453196270839	0,029435865239759
2624	18,5	1,09302310419411	1,13928601557076	0,873936890385172	0,851395514549496	0,022152859908454	0,051778819977073	0,022065066757572	0,042151855784877
2624	22,5	0,757073821488975	0,646336365753298	0,664791923589639	0,730438301383735	0,021945314467147	0,024817030805666	0,022602548739531	0,030030004236556
2624	26,5	0,720137474670513	0,72446126461299	0,668417102463468	0,594452818435262	0,027468374423722	0,016526664256133	0,019866507157291	0,030670778644953
2624	30,5	0,950902444366167	0,741506419738482	0,864560200560807	0,640245046660965	0,038102608255346	0,234718272986854	0,067787723001754	0,284228082785
2624	44,5	2,45386180672455	1,36805939628804	3,07681325247123	1,49707765747632	0,349002201132171	0,102258550140535	0,102001391202542	0,192163099829687
2623	0	0,088445075531586	0,094275698061486	0,079556909675766	0,083351211940975	0,088445075531586	0,094275698061486	0,079556909675766	0,083351211940975
2623	0,5	49,1373474941957	26,8997584751373	27,5233017362531	26,3534013071089	0,36844271358245	0,428217024534613	0,496045525073835	0,633618318773064
2623	1	77,2516477890043	36,5791698404431	43,1756126601795	35,0980955748416	0,267942219415821	0,298702473305723	0,34688125279322	0,391715130897682
2623	3,5	34,0039578656643	14,709085246892	22,0254030798622	21,0475736035768	0,157503512048789	0,160317173650774	0,327540546204747	0,25596006371705
2623	6,5	16,9591465920153	5,95364689627465	NA	8,77820317519819	0,124749832928023	0,258543813757321	0,093887569348973	0,094738170482263
2623	9,25	6,47614663718142	3,62098487976377	5,69854787825992	5,23224838223129	0,070434415927325	0,088653162103376	0,073284547028584	0,088878065261889
2623	12,5	5,39892555627205	3,92893623310401	3,78683767654861	4,08116602987732	0,045910004334903	0,072014979356163	0,061847889218749	0,072904415224382
2623	18,5	4,41926686671314	3,53982540604346	3,33659611504882	2,64710829148472	0,054992744030557	0,054202705887725	0,058270678768349	0,072962004610688
2623	22,5	3,24000693012663	2,14313319385355	2,57282459917762	2,31722980989515	0,070080510397145	0,063679191755546	0,075097717166983	0,075650807132799
2623	26,5	3,53658017976172	2,84118955111482	2,67180652377458	2,25543042594724	0,045870039320864	0,057484049586551	0,058047246782629	0,053117191587688
2623	30,5	5,26874138057495	3,58160486311281	4,53477114843993	2,92204861412126	0,074755988938381	0,321217577890123	0,11312992707281	0,598783231475098
2623	44,5	7,48886041014899	0,873229401885983	4,83577996848972	2,1037195604189	0,817842507472376	0,317710298590586	0,251248082368256	0,477988778025504
2622	0	0,111738531067627	0,09139390816441	0,076667971614914	0,058133843937413	0,111738531067627	0,09139390816441	0,076667971614914	0,058133843937413
2622	0,5	36,9053834448353	30,2855052939085	27,60377922671	23,8480676782214	0,447344403680413	0,525904900513993	0,552095866890087	0,608947148140986
2622	1	64,291667403349	36,9805086944919	40,7564881514715	35,9167100488903	0,384810634267402	0,350967960908071	0,361992911330746	0,455807619992398
2622	3,5	40,8288372483833	16,9197904906546	31,7881967763042	27,71951687007	0,291710684694863	0,266628296761367	0,406287228044913	0,453971332073779
2622	6,5	20,2442400227763	7,38291643263198	NA	9,1814188330951	0,212214535217534	0,505109636143017	0,146791466658219	0,160637485330406
2622	9,25	7,9076556197591	4,49129177191752	5,91324020951836	5,89930793693807	0,136488382779154	0,231812003785314	0,156756631984907	0,142425719487996
2622	12,5	5,7358115107558	4,60714546381839	5,42108458652798	4,31217542779491	0,168786780643027	0,155400744926456	0,118453189132055	0,116194204893784
2622	18,5	5,08682983751572	4,08036256671571	3,69398883699547	2,97349593075949	0,135989138070842	0,514787198167063	0,111197758173662	0,290776361092287
2622	22,5	4,72549747209804	2,81562189810554	3,2241410108026	3,35882955374561	0,073602597904218	0,08968648782767	0,090743074910105	0,124549221110907
2622	26,5	4,66914059986668	2,99825432393065	3,20430594245022	2,87617082721186	0,07269462371903	0,068221012871395	0,072330782788691	0,104869641268457
2622	30,5	6,20868484286952	4,50409507724244	5,26102951627437	3,97361387971267	0,139005077977506	0,586604481527915	0,146516226587817	0,782861468713026
2622	44,5	5,76173879618363	1,42403563999868	10,5317442871327	4,57585040524285	1,17630561164729	0,338724769013057	0,620245989260111	0,674409267780924
2621	0	0,064100787414971	0,068339588987802	0,078334666650021	0,081900655374398	0,064100787414971	0,068339588987802	0,078334666650021	0,081900655374398
2621	0,5	37,9179247124798	33,5696797081166	24,09496064279	27,7618050768619	0,215922928705585	0,329280297867996	0,459612802893271	0,660247518820387
2621	1	69,938717680323	43,6886009693067	50,8476932449393	44,0005279801221	0,155178451329758	0,234524623856687	0,280252576514126	0,502436215600816
2621	3,5	30,1398717445661	16,6434523351843	28,6014947969581	25,51846342133	0,162567933658075	0,167121085529852	0,321073427406279	0,308982038419207
2621	6,5	13,7570699627537	6,4464984605358	NA	7,99821223041402	0,153024390328895	0,406799706960819	0,065498057576336	0,08803440140942
2621	9,25	5,71172084048494	3,84967866164359	5,37957641467594	5,00711578251775	0,070968617034092	0,082409981673561	0,138134250826672	0,09246631013271
2621	12,5	3,86325062089807	4,25968851803368	4,83902404324765	3,66727419194165	0,050035903417289	0,070119848320474	0,061627920436702	0,067690572697097
2621	18,5	1,70451078544928	3,15174744453517	3,0908886187105	1,91186496173052	0,038031960663147	0,076733302542929	0,042058125598865	0,105022420345372
2621	22,5	1,02346789309054	1,19893188182299	1,29514642771405	1,64150845708078	0,031743942531696	0,045111053598788	0,066509414405865	0,074499214049981
2621	26,5	0,865803264551937	1,30419855998854	1,84140533241329	1,09789316522603	0,030043534525946	0,02940276099542	0,05035109496201	0,065543525792786
2621	30,5	1,46639610104162	1,60191157818701	3,3498232851311	0,98177111079552	0,088765188804055	0,526184984734297	0,154524426809322	1,15242850439377
2621	44,5	4,12625517500052	1,3557446226717	10,6420243320241	2,69473978345738	1,65250439813184	0,136985852957331	0,510410761995299	1,32462882007473
2620	0	0,028407507428165	0,032015313475611	0,031600537865626	0,027727946676482	0,028407507428165	0,032015313475611	0,031600537865626	0,027727946676482
2620	0,5	66,6880628000335	42,694267384705	40,8181831597298	35,5486528423232	0,175344916655204	0,1738677679008	0,19981946857494	0,187970823863455
2620	1	117,740998274908	44,5486127994111	55,0638816744019	42,4144624366526	0,097143306783949	0,076090211295725	0,172135528613824	0,222315364080584
2620	3,5	40,4073005806271	12,2220418476591	29,3559436754605	26,5895117512973	0,120077436356167	0,093298641641856	0,03445072225819	0,061726024531582
2620	6,5	24,3357823823884	5,92407580241898	NA	8,18990492023386	0,070064974658205	0,201478854864206	0,023992085913493	0,051132049956549
2620	9,25	5,98657056513985	2,96031395433319	4,41652795731662	5,19889540449595	0,039130231070736	0,032247384133133	0,021777231613277	0,042175678173965
2620	12,5	5,64830866543535	2,73355070231777	4,76669699349093	3,40257592349442	0,030756702250507	0,020277902081867	0,021703586495257	0,031148984927295
2620	18,5	1,891428417274	2,47261101189566	2,49337266170594	2,25219086318073	0,024359492438398	0,022091988728515	0,020283866969893	0,027206700984879
2620	22,5	1,82996059284589	1,23629236539254	1,33507387057229	1,46021736242326	0,022667793955778	0,021186721742967	0,020951464177704	0,028129875649907
2620	26,5	1,34233340357723	1,83429216824195	2,10393126959253	1,38065035868465	0,020520807064597	0,015775076826194	0,023042800323936	0,022697812767694
2620	30,5	1,77029710387318	1,48769850405667	2,44634397586338	1,12601236404036	0,033670387263361	0,284277556432759	0,045454995623472	0,233095239107797
2620	44,5	4,7193566282856	0,920249446602921	9,33704380080874	2,9811372483659	1,9573557183979	0,252173645069658	0,323852398038157	0,926949897466464
2619	0	0,025167440304731	0,028790453352692	0,03358946060752	0,042512465528128	0,025167440304731	0,028790453352692	0,03358946060752	0,042512465528128
2619	0,5	43,8185962377183	40,69667676163	41,5263850757503	56,7424211083178	0,258543930946002	0,317763119307927	0,429765995876116	0,620303718749403
2619	1	86,6963393772434	60,2581622293193	81,5590548650136	90,2181368274596	0,165440068243556	0,209657568501724	0,289182192922664	0,339847367243374
2619	3,5	35,2484946942778	24,2545946744242	40,4249473705038	47,6567376178092	0,167125913106432	0,153513261771696	0,35036567137581	0,287163261218762
2619	6,5	13,9468226518951	7,42234455777287	NA	14,5289838697934	0,122419512263116	0,32758676402206	0,07215316567734	0,087813050543807
2619	9,25	5,22214476844337	4,47223395676087	6,80881393419645	9,09702467731368	0,063115860764607	0,092779090039602	0,086320213839348	0,085317422274689
2619	12,5	4,37076712375671	3,922254368762	5,80682885189718	6,16506330692553	0,051573738529814	0,06702446762885	0,059024956515818	0,06670739096338
2619	18,5	2,42547879391607	3,02700809976465	3,30867480864674	3,92594384608089	0,040974137369738	0,108036057731922	0,050782369456883	0,09903900013862
2619	22,5	1,80364284702356	1,73556428218568	2,30081889470588	2,93691573345175	0,045064658103319	0,049455521821363	0,06963848595449	0,070424346218472
2619	26,5	1,29282840408208	1,6071091932762	2,09648372527539	2,35041917062474	0,043978906120794	0,028411656692203	0,041285289003825	0,066082239703412
2619	30,5	1,80823204181332	1,79519524209988	3,37762264849319	2,3916130376725	0,101929005919214	0,777805420748227	0,210356245255026	1,11504863246423
2619	44,5	3,63751921349521	1,04675575738897	18,1594473921241	6,55459652642895	5,07735129960357	0,572733363378544	0,989324657348484	2,71263469472571
2618	0	0,013065351751795	0,010429334865608	0,008655702882321	0,014025766186052	0,013065351751795	0,010429334865608	0,008655702882321	0,014025766186052
2618	0,5	13,3376125600067	9,95409564718737	7,72583908386052	8,74835418519649	0,089468880736083	0,086448219794253	0,134100442795384	0,132519430823736
2618	1	31,934069316288	14,7922034777967	16,6343609074971	16,7133788451626	0,053132372020329	0,050776442371511	0,10275927805518	0,089939051454439
2618	3,5	15,8176616281839	6,79002324869948	9,99926274791291	11,9289236016537	0,099718461486838	0,058130922116872	0,060334414202175	0,067544365118367
2618	6,5	8,05658292646322	2,3834301647669	NA	4,53452362815208	0,076279163097957	0,180460870004563	0,017859277435605	0,023842650381718
2618	9,25	2,79430553399163	1,54114198566788	2,15367078585259	2,63905436330869	0,033200598785614	0,016145407476757	0,030748837594803	0,030168858798523
2618	12,5	2,2138219866075	1,71055727155549	2,02515739318834	1,79994822544118	0,023030018514404	0,018079550080468	0,016057721089397	0,021212890739583
2618	18,5	1,41968391790684	1,20581366611504	1,24808239617307	1,10925336479505	0,014105141269836	0,009926389919813	0,008851472414281	0,019700634292678
2618	22,5	0,542145563939961	0,512178265662624	0,645077748678385	0,80427321993516	0,016391253398301	0,010391015776185	0,01388775159666	0,01456322329348
2618	26,5	0,523898232067421	0,656025899314666	0,850881938233439	0,601300844214338	0,009925096227322	0,009316380450234	0,010337627657356	0,008903145229606
2618	30,5	0,782302720187769	0,678835655984914	1,28224563507612	0,488093789205924	0,032197005898178	0,08527737071762	0,042635206813083	0,261306463205564
2618	44,5	0,876670130950141	0,785906461697385	1,68728468683906	0,7648114119716	0,400511562142642	0,028508672270944	0,094006032747236	0,236430279171117
2617	0	0,658521750492601	0,874142935446381	1,18224234490245	0,649403016728879	0,658521750492601	0,874142935446381	1,18224234490245	0,649403016728879
2617	0,5	10,1603278925705	11,409966779259	12,5866795074561	8,80252356095622	0,38957709485869	0,967165476670852	0,552095866890087	0,753449718986017
2617	1	42,6493472168461	28,5523927594681	24,9515413612457	21,4374665391525	0,575220637001199	1,07509065666367	0,573556130856116	0,658388784433464
2617	3,5	5,43180106165807	9,04810074768559	15,6407386901476	13,501104636468	0,395024885524294	0,688470833264199	0,70833971780864	0,486816803128212
2617	6,5	4,73591086648819	4,14981017107885	NA	5,52603754101332	0,584133713336696	1,28254907611258	0,325173636327532	0,194472546216929
2617	9,25	1,80083830008272	2,90949311391545	4,31224882499109	3,66465842867036	0,307432736944826	1,39195779322142	0,352401177564952	0,368485146349756
2617	12,5	1,7701825608328	2,22171989371953	2,82419908573884	2,42559867813463	0,245678536269295	1,35944066293388	0,27936035319909	0,401316907671608
2617	18,5	1,1183904970846	1,95702172017751	2,16110911552116	1,40776447971895	0,377723568360944	0,298484236426014	0,494010308460304	0,209419707236306
2617	22,5	1,39834956135971	1,2736528489621	1,73933922951193	1,50306798479686	0,346790154542573	0,458847260219867	0,844849318128561	0,495185025611645
2617	26,5	0,860817149494872	1,0742108569368	1,30890591373765	1,1111474086694	0,625817554009218	0,512896476914482	0,605908901809685	0,660822397034115
2617	30,5	1,40991519344186	1,4203420757234	2,09885193383733	1,27955950459132	0,688383096847772	0,163385026582541	0,737656752797786	0,950718252094738
2617	44,5	2,57604579710088	0,916890871980283	6,01761444957634	2,29573604257348	3,63719161420877	0,63862619436426	1,56838243638429	4,17998283617445
2616	0	0,015955141348371	0,013201342290415	0,013311337680387	0,018210063974253	0,015955141348371	0,013201342290415	0,013311337680387	0,018210063974253
2616	0,5	21,1353441614068	18,2153178849891	15,1458637039849	14,6257314551273	0,216204720455935	0,252406600009222	0,316824557116367	0,398263183060696
2616	1	59,4916746679211	40,019217160861	33,1074468477471	27,6964563719838	0,17900820616291	0,195213829762614	0,243160323740198	0,277501267497288
2616	3,5	37,3561780330586	17,8277587157714	20,0097859268482	20,5267886357945	0,229418298900648	0,205393089849665	0,314606308607812	0,215607056421603
2616	6,5	13,9072908416573	6,32821408511312	NA	7,31076258416356	0,153257422395386	0,316173772243437	0,097425728086215	0,113426507850427
2616	9,25	5,66877557100761	3,78615261112142	4,04234989426618	4,48180638318616	0,093218093130968	0,113300152669777	0,131780732549157	0,106129242525454
2616	12,5	4,74702935863466	3,68504818462051	3,94010213912834	3,95122324354868	0,130903525432037	0,098799497993893	0,076989073716285	0,114704535600274
2616	18,5	4,48602316379339	2,91058471131216	2,44032217954198	2,34511261101696	0,088438370415781	0,181676020160304	0,074083370761008	0,148335238259917
2616	22,5	3,40961018098163	2,07180863431168	2,20599121791757	2,2051589513796	0,04122648581997	0,03927875379314	0,052861336374632	0,051378768310332
2616	26,5	2,64264098024491	2,08952242406766	1,74272537021116	2,09196142347898	0,039002945714934	0,027833512515327	0,026936531372164	0,043977012237406
2616	30,5	3,09380493867361	2,41604579891093	2,54711666805093	2,35904243210108	0,080915206120703	0,47264872175261	0,127341662677171	0,667195449912183
2616	44,5	0,906197928624419	1,39604751814336	4,57845986374302	2,12650117694572	1,22886618410695	NA	0,386846131322387	0,542817215530988
2615	0	0,025167440304731	0,028790453352692	0,03358946060752	0,042512465528128	0,025167440304731	0,028790453352692	0,03358946060752	0,042512465528128
2615	0,5	25,6626838523689	20,0097636989379	18,1557218470722	16,7789641415766	0,223953993590556	0,254071734258871	0,365868606205588	0,560779624525975
2615	1	66,0704882405958	39,3025406357739	36,4481425978677	34,4500257828863	0,237727458502973	0,294086433090131	0,361992911330746	0,424721889586786
2615	3,5	34,1846164375598	15,6012627202676	24,3675727325265	22,7081898215994	0,259804828556363	0,241113627214825	0,486175166143632	0,361769402613833
2615	6,5	16,6428921101129	6,60421096109936	NA	8,15024436371941	0,257112046694742	0,461039667888928	0,160059561922878	0,167910442343397
2615	9,25	7,20907923626119	5,08208404177372	5,75375447772637	5,75755778156288	0,188840091242391	0,192181380187356	0,170449559307139	0,187968827463808
2615	12,5	6,40520827745728	5,395605456176	5,97559196799621	5,41909545948333	0,157534328600159	0,190713353224785	0,153978147432569	0,204382627069579
2615	18,5	5,70988861026481	4,98125783450281	4,67961095298897	4,11178734175336	0,138974582081942	0,157898853608193	0,127955576584273	0,167267851451429
2615	22,5	5,10564268953167	3,65793098221914	3,92536672600038	4,38065208726979	0,10489499075552	0,098315911009497	0,133684588715693	0,136596656438847
2615	26,5	5,12323322113518	4,2884292434892	4,13711086817221	4,22589461786197	0,086241038840104	0,11249033841506	0,116681488195643	0,161255030580607
2615	30,5	6,2213298221829	5,23330162745919	10,525533952969	4,75065546977358	0,124633571218755	0,181946813762048	0,163096584792905	0,855505370764775
2615	44,5	1,69784836627103	1,80803267185367	3,88920958317151	2,01780032094635	1,32768006033112	0,415302923942402	0,547560912393691	0,787617136260649
2614	0	0,03541305796532	0,021764375127441	0,024633752618879	0,030071153437875	0,03541305796532	0,021764375127441	0,024633752618879	0,030071153437875
2614	0,5	21,8336484839202	18,4184626941154	16,0954980913761	15,7768306900215	0,199156319559768	0,280991404628189	0,377499052132461	0,605814301076595
2614	1	56,2163855072762	40,1912195268819	38,2682457996575	36,8547058004046	0,254830153359302	0,338311076445964	0,328335126406256	0,491259323769585
2614	3,5	36,6937632694418	18,814680699594	27,8695667805005	27,9160394994218	0,267401460970291	0,19901442246303	0,771869649534764	0,614679529732972
2614	6,5	17,5916555558201	8,5953312807144	NA	8,73193252593134	0,257888820249711	0,508499633701024	0,195862358668785	0,203010365319136
2614	9,25	8,78946515302695	6,61941446441027	6,96216559938106	6,51216890282492	0,161862935350621	0,256241840249808	0,301134857670517	0,189072902808676
2614	12,5	7,99338492002353	5,47912876045117	5,77583154485859	5,97736817111749	0,187540867381142	0,233101117389684	0,177808098820943	0,174291307340676
2614	18,5	8,70502113926575	5,43863543199472	4,90577353484584	2,91890440390571	0,140964878089342	0,271244375715829	0,127228556262772	0,23058493990795
2614	22,5	8,05907860959295	4,96215149955633	4,98593942692229	5,52113788275161	0,076582825794818	0,087484497084722	0,102460449219847	0,104263466036656
2614	26,5	6,43564993437002	4,93351670326848	4,22275762781934	4,86430734371775	0,063306019179672	0,063100307304777	0,075004869438228	0,115464348177428
2614	30,5	7,15284329826855	5,60229771311104	7,04018877144773	5,85805605920171	0,103136695562807	0,500946460757216	0,140538274309792	0,66507960810485
2614	44,5	0,772304639170362	1,20013066515612	2,38021096890695	1,13908082634068	1,17315197729971	0,281380197182245	0,361002548436549	0,596034589602653
2613	0	0,008932076934873	0,009976482167496	0,007811244064534	0,011068862415723	0,008932076934873	0,009976482167496	0,007811244064534	0,011068862415723
2613	0,5	2,84559011424227	2,11101314150385	3,03509588409461	3,0361935113329	0,039521292986569	0,051674666214093	0,088279288360598	0,087523914861421
2613	1	7,873399848671	7,73437305873946	6,95786287266501	7,62334728957929	0,045436159334981	0,056881527817939	0,111139379607808	0,058311940350752
2613	3,5	3,33616162767025	3,69503590743181	4,89828749475463	5,23732807222522	0,050694860308951	0,062851135982983	0,094457976332914	0,069538554432387
2613	6,5	0,853887101136436	1,40659836440131	NA	2,04516269759512	0,060355305221092	0,210405848433624	0,041447002350556	0,012332405369854
2613	9,25	1,32786773223905	1,4655459855465	1,32189135389129	1,46336189813799	0,039637722122165	0,058848761616693	0,060906140729286	0,003105211907442
2613	12,5	1,52254950857591	1,39650964748085	1,32944005743316	1,31338468107727	0,027530999331552	0,044346066235111	0,037101401238514	0,0429918558107
2613	18,5	1,3144314895103	1,3333249963249	1,27600370257516	0,89669486661966	0,026998798013428	0,061566702130563	0,018513572487037	0,062691955002084
2613	22,5	2,54404876282506	1,27025644136486	1,10549107413743	1,21959463678692	0,018694156768311	0,024757517542343	0,031024411524658	0,034547792484533
2613	26,5	1,43706958966148	1,32102692850452	1,17112634387053	1,38948652098023	0,009965333103919	0,019871641279489	0,028149653608295	0,023353248025621
2613	30,5	1,54458422312935	1,66633946615796	1,39483305669256	1,20557770050767	0,025723789408522	0,176210785585439	0,031243260019111	0,001
2613	44,5	0,379915845076389	0,799340760187938	1,22043249679862	0,548060603302202	0,258703137646467	0,081244079718063	0,086172196684966	0,157039632942387
4130	0	0,027339160971249	0,019815736244656	0,017100291060196	0,023443225741364	0,027339160971249	0,019815736244656	0,017100291060196	0,023443225741364
4130	0,5	4,09904637315389	2,97268570688113	2,77486387095324	2,8547261025378	0,06868673914778	0,075624847171537	0,104954265050933	0,093476324283764
4130	1	6,31340220965693	6,13188434864481	5,55707458571788	4,69850599167583	0,042642719175114	0,051714540866938	0,064293238141476	0,071601963293825
4130	3,5	2,94473472189667	1,96515905418756	2,79596502286799	2,90460446181946	0,08027108250718	0,060469766825305	0,065432025490379	0,044364846974239
4130	6,5	3,27323388768967	1,54065398988034	NA	2,3928535763718	0,060976724065067	0,149837892063902	0,01617443994168	0,014767264891595
4130	9,25	0,767288814661636	0,745160572625072	1,26852497440705	1,38831769823348	0,020272932001835	0,023615508582345	0,018907194046537	0,018438058259299
4130	12,5	0,805901205401387	0,670525086721067	0,853459187129372	0,845590650294157	0,017066218931684	0,023373282773491	0,010114897827773	0,018918800027578
4130	18,5	0,362264172155538	0,480939473726343	0,447857754689398	0,536623093754252	0,016225239190762	0,017428893928975	0,01653971231416	0,016726785145143
4130	22,5	0,425762643525665	0,300242431595331	0,360844264831313	0,357967506905567	0,027905770248348	0,03422012641069	0,03009234765911	0,029764251986675
4130	26,5	0,387492370149119	0,367980324882788	0,329181458817663	0,33886682403556	0,037822664001414	0,027792216502693	0,035350121074365	0,044354111974844
4130	30,5	0,747318277420751	0,489944802615514	0,530967840215801	0,418299634410034	0,047341434028829	0,118468101940905	0,038134823871702	0,136330740452458
4130	44,5	0,640702299535861	0,773591688081044	2,45924500107915	1,53678276056591	0,113635957657794	0,065394182535013	0,089967972921323	0,147363746747539
4131	0	0,068304117737264	0,064634430548704	0,068778948448742	0,056348543547781	0,068304117737264	0,064634430548704	0,068778948448742	0,056348543547781
4131	0,5	9,42710835393143	6,36520401928988	6,34162624800218	6,51386743510761	0,085594244168772	0,112535323038746	0,171514045957733	0,193453306226139
4131	1	13,1011566425797	8,31631439711015	9,26179097619647	9,26057623767685	0,056837955905867	0,068198271572294	0,115192051670145	0,098321720327862
4131	3,5	5,9838133646721	3,28447636216161	4,80820404657524	4,79515215618369	0,106352853795002	0,083390444967949	0,086811559400608	0,110032328032353
4131	6,5	3,71599016235301	1,3661845361319	NA	2,12844986627547	0,092125343619325	0,186223865853175	0,028600116459377	0,026783454739145
4131	9,25	1,27117997652898	0,822662354262121	1,10597220931137	1,31869335721096	0,032292456904109	0,023561220056868	0,042393302989629	0,030306868216632
4131	12,5	0,937592987608671	0,896706194698228	1,16067694133413	0,943769644409131	0,028018605586743	0,02741622898296	0,02247347723242	0,032355617055038
4131	18,5	0,850475224802498	0,555783080588655	0,632976016135203	0,603991360935522	0,023061473303137	0,025900952302397	0,021846960661122	0,023129937814159
4131	22,5	0,534542659591289	0,335225429846824	0,364337916081409	0,500033801082638	0,064661914232417	0,062786492805702	0,059319207443069	0,060148592556406
4131	26,5	0,447681901909414	0,416221647961934	0,515370066746206	0,438273649860854	0,07269462371903	0,054510736676902	0,065091182347262	0,077036089219466
4131	30,5	0,889785044351498	0,61528633012265	0,260636440870841	0,524386749699787	0,091905181877396	0,158926220679923	0,086736703807568	0,164048268128513
4131	44,5	1,35166039353811	0,843002230282238	3,20547330484457	1,62921103333184	0,539271473436155	0,271763405632979	0,268127172440569	0,421868638095384
4132	0	0,01061340906379	0,02135269085643	0,011855757349727	0,025596744336358	0,01061340906379	0,02135269085643	0,011855757349727	0,025596744336358
4132	0,5	0,972039616938707	2,20767621317977	3,38810234823467	4,71273569109656	0,078267658659675	0,062276020936855	0,10425363577823	0,059034586869616
4132	1	4,23246418259201	7,89490860035896	8,45541613996046	7,77683750346344	0,052448264226076	0,048900245380658	0,112032341248662	0,049999127051273
4132	3,5	2,54126391133005	3,90031568006691	4,34652637465584	4,35297624014216	0,059861463421758	0,038527151015279	0,04576437596798	0,04933858973391
4132	6,5	0,92686282283541	1,25775719199445	NA	2,28048199958086	0,043343964367271	0,090738934635983	0,013628229278986	0,005271312756807
4132	9,25	0,826266984743836	0,7928051105167	1,2261999148161	1,09022545972389	0,014957630989496	0,027361416840234	0,017039478759785	0,008283325274874
4132	12,5	0,385690666461234	0,684557001839296	0,736358249428006	0,665114558171045	0,009279522118019	0,013676528974219	0,00808385274021	0,004665644227273
4132	18,5	0,353808374525372	0,445458060102728	0,417144317647108	0,402235015946099	0,006613407494155	0,005939674712484	0,007477404006643	0,00545205677048
4132	22,5	0,455297002726278	0,358660642267726	0,357101067063353	0,412684455474926	0,018694156768311	0,016541711540611	0,011797265498218	0,007999142721419
4132	26,5	0,391766183055175	0,323104675506839	0,364371105716158	0,350132930962427	0,010783482928063	0,01188499243607	0,011498572593008	0,006033595799007
4132	30,5	0,390181911679859	0,459487982847424	0,535137744720114	0,359207250016181	0,01076051472441	0,151966506492304	0,015903608890595	0,026871190953123
4132	44,5	0,544100582144578	0,447362139735435	0,698624084387284	0,547409699972865	0,114056442237471	0,039375418732275	0,052252494147304	0,110595379207116
1182	0	1,32580043915665	1,74828587089276	1,7566965670026	1,33339622850689	1,32580043915665	1,74828587089276	1,7566965670026	1,33339622850689
1182	0,5	50,3011880317181	20,4329820512843	28,6499866026494	28,1951600829398	0,45438919743916	0,424192950097962	0,561904676707932	0,679436207089781
1182	1	60,2257912039277	25,5996854761095	34,3054894615834	31,9430189561119	0,255970333016391	0,25030850330355	0,355123975631871	0,380188961196724
1182	3,5	16,0786128986996	6,01627641338256	12,4089949867117	11,5457044744177	0,161555049336218	0,130422485832075	0,156352107421778	0,21654549845173
1182	6,5	3,96108738582735	1,89550711614837	NA	2,53166552417237	0,117448161511314	0,370413733171546	0,036518852680825	0,040696937720518
1182	9,25	1,24999364358683	0,963690186421342	1,48260389900476	1,51756048695792	0,046929567229545	0,040879259683921	0,063425639356577	0,040712778342014
1182	12,5	1,02422080447592	0,563281164031748	1,32599591220665	0,943288374830136	0,0633239454829	0,043461671751789	0,036148203182979	0,037718426511675
1182	18,5	1,61995280914761	0,823002476941505	1,30950927025765	1,30671207894704	0,023096087146744	0,0465155248568	0,040604084955862	0,040990893655209
1182	22,5	2,102495471806	0,838912676516367	1,20031875092574	1,34814650390771	0,091032415567425	0,113015687050263	0,108518864345907	0,14076010835365
1182	26,5	1,84130106035932	0,995678470528886	1,16367879955339	1,52865607713564	0,230289057058257	0,168157363445714	0,207013439649509	0,280325836674706
1182	30,5	3,83564372505856	1,27391505760758	2,0397782866929	2,29390122095825	0,341655400172342	0,488709600647116	0,374467954019671	0,564929762557779
1182	44,5	6,68193697370534	2,04425242031257	15,4943463072476	4,67999493793686	2,68374282979046	1,64553988731895	1,84054766865077	4,1896587223693
4327	0	0,570952368778159	0,496765687019764	0,494452860415027	0,455251599356328	0,570952368778159	0,496765687019764	0,494452860415027	0,455251599356328
4327	0,5	0,374756653082212	0,173519524462025	0,214070124615302	0,212614799856943	0,276860394718744	0,302915672248561	0,301270587262357	0,316025947620434
4327	1	0,628234343313358	0,341711367161506	0,429682591308617	0,414935211533477	0,219997664835245	0,330419136722533	0,340699210664232	0,368488152560904
4327	3,5	0,445624477342236	0,302392895843244	0,492080835679948	0,419575813666073	0,171177450393861	0,155214239741466	0,173470951300075	0,091732708444882
4327	6,5	0,173742305995122	0,192704961626108	NA	0,254488570967719	0,131119376078769	0,185884866097374	0,122150718309565	0,104604094778147
4327	9,25	0,138197877178049	0,134103492652304	0,178255975610585	0,17760460644068	0,136488382779154	0,088544585052423	0,098917706975801	0,123932457461453
4327	12,5	0,147617300055607	0,122278117458849	0,179439966301212	0,164112926437284	0,149282530435389	0,117055926971026	0,128205138469451	0,160437382911033
4327	18,5	0,022830653601449	0,094247504937727	0,120620043656995	0,12288901151342	0,147108835329577	0,176828248339	0,162125531694846	0,231344030531195
4327	22,5	0,134395955332689	0,077030524305228	0,117475674767745	0,10735729005446	0,28628249736978	0,304112775580223	0,284945238896	0,284532075539285
4327	26,5	0,087204936717768	0,073988726908597	0,060138920360919	0,109789316522603	0,493572352926258	0,450126537710778	0,480683380660644	0,129977405166323
4327	30,5	0,178041308732389	0,091751169551369	0,109807485280231	0,143775958879534	0,596598683934736	0,674556913569259	0,556062353408729	0,624878613765533
4327	44,5	0,426116666437438	0,789265036320023	0,389472358541608	0,445217877266872	0,346899778233784	0,631502645068507	0,539484792741867	0,953033925676771
